{
	"P_ChatMsgBubbleBtnPopup": "{\"isAnonymity\":true,\"isShield\":false,\"isRepeat\":false,\"senderInfo\":{\"id\":\"aJrnQ_BrFIBcKUBv\",\"anonymityImgId\":3,\"lv\":75,\"anonymityNameId\":267,\"sex\":0,\"honorificInfo\":{\"titleId\":6249001,\"customName\":\"\",\"expireTs\":0,\"obtainTs\":1754989409},\"chatBubble\":0,\"entityId\":\"aJrnQ_BrFIBcKUBv\",\"school\":1200006,\"physique\":0,\"avatarProfile\":{\"portrait\":0,\"portraitFrame\":0},\"rolename\":\"猎魔人\"},\"channelType\":15,\"messageType\":1,\"functionType\":1,\"messageFlag\":0,\"id\":\"aJsOmvBrFITsUNHm\",\"messageText\":\"123\",\"opNUID\":\"aJsOmvBrFITsUNHl\",\"rawMessageText\":\"123\",\"chatArgs\":{\"hrefArgs\":[],\"equipIDs\":[],\"anonymous\":{\"tags\":[],\"id\":\"aJsOmvBrFITsUNHm\",\"isExposed\":false,\"exposeCount\":0,\"createdAt\":0,\"liked\":0,\"exposedTime\":0}},\"clientArgs\":{\"isHistoryMessage\":false},\"whisperReceiver\":\"\",\"contentType\":0,\"isRefOutData\":false,\"time\":1754992282072}",
	"DanceBasicPanel": "1",
	"P_Settings": [],
	"Bag_Panel": [],
	"AchievementRightWindow_Panel": "{\"LevelText\":\"5级-掌控\",\"CurScore\":10160,\"IsRight\":false,\"CanReward\":false,\"IsAllLevel\":false,\"MaxScore\":13000}",
	"SceneCustom_Edit_Panel": [],
	"HUD_TeamQuick_Panel": "111.99975585938",
	"ChatSocial_Panel": [],
	"TarotTeamListInfo_Panel": [],
	"PhotographAlbumPreview_Panel": "1",
	"PVP_ChampionMatch_Panel": [],
	"P_OtherRoleDisplay": "{\"EntityID\":\"aJrnQ_BrFIBcKUBv\"}",
	"DanceBasicEndingPanel": "1001",
	"DungeonHandbook": "{\"StageID\":5150038,\"DungeonID\":5100040}",
	"P_ChatSmallWindowLayer": "26",
	"HUD_TeamAIChange_Panel": "{\"pos\":{ERROR},\"profession\":1200002,\"id\":\"aJsM1PBrFITsUNBo\",\"btnSize\":{ERROR}}",
	"TeamTips_Panel": [],
	"CreateRoleChoosePanel": [],
	"P_ChatBarrageLayer": "{\"functionType\":1,\"isAnonymity\":false,\"isRefOutData\":false,\"clientArgs\":{\"isHistoryMessage\":false},\"isShield\":false,\"rawMessageText\":\"[码头(326,112)]\",\"messageText\":\"<HyperLink stylename=\\\"Chat_Locate\\\" u=\\\"loc=22636.817415985,1234.5152640327,117.49491740446,1,5200057,0\\\">[码头(326,112)]</>\",\"opNUID\":\"aJsM7PBrFITsUNCO\",\"senderInfo\":{\"id\":\"aJrjt_BrFIBcKTzt\",\"anonymityImgId\":0,\"anonymityNameId\":0,\"rolename\":\"诺拉\",\"sex\":0,\"physique\":0,\"chatBubble\":0,\"entityId\":\"aJrjt_BrFIBcKTzt\",\"honorificInfo\":{\"titleId\":6249001,\"expireTs\":0,\"obtainTs\":1754984725,\"customName\":\"\"},\"school\":1200006,\"avatarProfile\":{\"portrait\":0,\"portraitFrame\":0},\"lv\":75},\"messageFlag\":0,\"chatArgs\":{\"equipIDs\":[],\"hrefArgs\":[\"loc=22636.817415985,1234.5152640327,117.49491740446,1,5200057,0\",\"[码头(326,112)]\"]},\"whisperReceiver\":\"\",\"contentType\":0,\"channelType\":2,\"messageType\":8,\"time\":1754991852082}",
	"DungeonEntrance_Panel": [],
	"P_DungeonCombatResult": "0",
	"AnnouncePanel": [],
	"BlackLoadingPanel": [],
	"SkillRoutineRecommendPanel": [],
	"MailCollect_Panel": [],
	"P_HUDSocialAction": [],
	"DanceBasicDisplayPanel": "1001",
	"HomePage_Panel": [],
	"SkillRoulettePC_Panel": "{\"TabIndex\":1,\"SkillID\":86061010}",
	"DanceBasicBeginPanel": "1001",
	"ChatRoom_VoiceTips_Panel": "{ERROR}",
	"BagMedicineSet_Panel": [],
	"PhotographEdit_Panel": "{ERROR}",
	"Sequence_Panel": "4262",
	"TeamInvite_Panel": [],
	"Revive_Panel": [],
	"SceneCustom_Main_Panel": [],
	"MapExploreReward_Panel": "{\"RelativeWidget\":{ERROR},\"MapConfigID\":11003,\"ExploreItemIdx\":10348}",
	"Collectibles_Panel": "1",
	"SocialShareInternal_Panel": [],
	"PhotographTemplateSave_Panel": "true",
	"P_RoleDisplay2": "{\"EntityID\":\"aJrjt_BrFIBcKTzt\"}",
	"DungeonBuffTips": "{\"Pos\":{ERROR},\"BuffID\":81002052,\"BuffLevel\":1}",
	"P_OpenRP": "{\"packetClass\":1,\"bIsFinished\":false,\"message\":\"qwe\",\"packetChannel\":26,\"sourceType\":0,\"packetType\":2,\"packNum\":100,\"moneyNum\":100,\"moneyType\":0,\"currentStatus\":{\"teaRoomID\":262145,\"packetTime\":1754990034,\"senderInfo\":{\"id\":\"aJrnQ_BrFIBcKUBv\",\"anonymityImgId\":0,\"anonymityNameId\":0,\"rolename\":\"猎魔人\",\"sex\":0,\"physique\":0,\"chatBubble\":0,\"entityId\":\"aJrnQ_BrFIBcKUBv\",\"honorificInfo\":{\"titleId\":6249001,\"expireTs\":0,\"obtainTs\":1754989409,\"customName\":\"\"},\"school\":1200006,\"avatarProfile\":{\"portrait\":0,\"portraitFrame\":0},\"lv\":75}},\"passwd\":\"qwe\",\"uuid\":\"aJsF0vBrFITsUMs9\"}",
	"ExploreTips_Panel": "1001",
	"CollectiblesRightReward_Panel": "2001000",
	"P_PartnerScopeEdit": "{\"name\":\"\",\"id\":-1,\"panelType\":2,\"styleType\":0,\"state\":0}",
	"Talent_Panel": [],
	"FashionPresets_Panel": "4220237",
	"TarotTeamCreate_Panel": [],
	"EquipmentWordMerge_Panel": "2",
	"DanceSetTipsPanel": [],
	"FashionAchieveLevel_Panel": [],
	"SkillRoutinePanel": [],
	"HUD_Panel": [],
	"ScreenInput_Panel": [],
	"P_ChatShout": [],
	"GetItemsPopup_Panel": "{\"title\":\"获得物品\",\"items\":{\"comItems\":[{\"Tid\":2001000,\"StackCount\":6000,\"IsBind\":1}]},\"dropNo\":0}",
	"P_ChatExpression": "true",
	"P_LoadingDefault": "{\"NeedPreProcess\":false,\"LoadingImgSet\":[{\"ID\":2,\"ImgPath\":\"/Game/Arts/UI_2/Resource/Loading_2/NotAtlas/UI_Loading_Img_Bg02.UI_Loading_Img_Bg02\"}],\"LoadingMediaList\":[],\"LoadingMedia\":\"\",\"LoadingTimeLeast\":0,\"LoadingUI\":\"P_LoadingDefault\",\"NeedPostProcess\":false,\"LoadingTips\":[{\"ID\":2,\"Content\":\"我们是守护者，也是一群时刻对抗着危险和疯狂的可怜虫。\"},{\"ID\":3,\"Content\":\"注视从<Highlight>星空</>投来，大地将四分五裂，世间的一切都会不复存在。\"}],\"LoadingUIParam\":\"\",\"ID\":2}",
	"BagItemTips_Panel": "2008001",
	"PhotographAlbum_Panel": [],
	"FashionMakeUp_Panel": "4220237",
	"FashionTips_Panel": "1014999",
	"P_HUDInteract": [],
	"FashionMakeUpSave_Panel": "4220240",
	"P_ComTips": "6420001",
	"GM_Main_Panel": [],
	"ComMessageBox_Panel": "{\"rightBtnEvent\":{ERROR},\"title\":\"购买确认\",\"checkBoxEvent\":{ERROR},\"rightBtnText\":\"确定\",\"bCheckBox\":false,\"onCloseEvent\":{ERROR},\"DialogUniqueID\":6.7625818010189e+18,\"checkName\":\"今日不再弹出\",\"dialogType\":1,\"leftBtnTimer\":0,\"SourceDialogData\":{\"Title\":\"购买确认\",\"DialogType\":0,\"Content\":\"本次购买将消耗绑定金磅，是否继续购买？\",\"TimeUPSelect\":0,\"ID\":6415382,\"RefuseBtn\":\"取消\",\"CountDown\":0,\"AcceptBtn\":\"确定\",\"Enum\":\"MONEY_CONSUME_BOUND_POUNDS\",\"TodayNoPopUp\":false},\"messageId\":6415382,\"currencyInfos\":[{\"num\":40,\"currencyId\":2001002}],\"ui\":\"ComMessageBox_Panel\",\"showCheck\":false,\"content\":\"本次购买将消耗绑定金磅，是否继续购买？\",\"leftBtnText\":\"取消\"}",
	"AchieveTab_Panel": [],
	"DungeonTeamReady_Panel": "{\"EndTime\":1754991922,\"DungeonTemplateID\":5100040}",
	"RankingPanel": "{\"type\":\"PVP\"}",
	"PlotRecapTab_Panel": "\"FactMainRecap\"",
	"TarotTeam_Panel": [],
	"BagWarehouse_Panel": [],
	"P_PartnerSetTips": "{\"pos\":{ERROR},\"SelectData\":[{\"Type\":1,\"Content\":\"编辑分组\",\"Index\":1},{\"Type\":1,\"Content\":\"删除分组\",\"Index\":2},{\"Type\":1,\"Content\":\"上移分组\",\"Index\":3},{\"Type\":1,\"Content\":\"下移分组\",\"Index\":4}],\"ClickCallBack\":{ERROR}}",
	"RechargePanel": [],
	"Menu_Panel": [],
	"DungeonSelect_Panel": "{\"DungeonEnterId\":16}",
	"MailDetail_Panel": "{\"category\":1,\"title\":\"\",\"id\":\"aJsUoPBrFITsUNaW\",\"args\":[\"132\"],\"isRead\":true,\"templateId\":6260040,\"sender\":\"\",\"senderPhoto\":\"\",\"isExtracted\":false,\"sourceExtraArgs\":\"[\\\"132\\\"]\",\"content\":\"\",\"reward\":[],\"createTime\":1754993825,\"type\":1,\"destroyTime\":1757585825,\"senderId\":0}",
	"PhotographSave_Panel": "false",
	"TaskBoardPanel": [],
	"Equipment_Panel": "1",
	"P_RedPacketPanel": [],
	"PVP_ChampionTeam_Panel": [],
	"ChatRoom_RoomOption_Panel": "{\"RoomType\":1,\"IsMaster\":true,\"IsRoomInfo\":true}",
	"PVP_ChampionMain_Panel": [],
	"SceneCustom_Friend_Panel": [],
	"ChatRoom_Transfer_Panel": [],
	"CollectiblePlayPhoto_Panel": "\"/Game/Arts/UI_2/Resource/Item/NotAtlas/Prop/Medium/UI_Item_Icon_DragonBark_M.UI_Item_Icon_DragonBark_M\"",
	"Marquee_Panel": [],
	"PVPMain_Panel": "[]",
	"DungeonSuccess": [],
	"AchievementInfo_Panel": "7",
	"EquipmentWordReplace_Panel": "1",
	"Shops_CurrencyExchange_Panel": "2001000",
	"Photograph_Panel": [],
	"UpgradePopup_Panel": [],
	"CollectiblesVideo_Panel": "\"./Movies/Loading_RailroadCar.bk2\"",
	"ComMessageInput_Panel": "{\"rightBtnEvent\":{ERROR},\"title\":\"修改名称\",\"checkBoxEvent\":{ERROR},\"rightBtnText\":\"确定\",\"bCheckBox\":false,\"onCloseEvent\":{ERROR},\"DialogUniqueID\":6.7625817938361e+18,\"inputParam\":{\"checkInputFunc\":{ERROR},\"hintText\":\"请输入新的庄园名称\",\"length\":10},\"checkName\":\"今日不再弹出\",\"dialogType\":4,\"leftBtnTimer\":0,\"SourceDialogData\":{\"Title\":\"修改名称\",\"DialogType\":4,\"Content\":\"\",\"TimeUPSelect\":0,\"ID\":6415381,\"RefuseBtn\":\"取消\",\"CountDown\":0,\"AcceptBtn\":\"确定\",\"Enum\":\"MANOR_CHANG_NAME\",\"TodayNoPopUp\":false},\"messageId\":6415381,\"ui\":\"ComMessageInput_Panel\",\"showCheck\":false,\"content\":\"\",\"leftBtnText\":\"取消\"}",
	"P_FriendModifyRemark": "\"aJrnQ_BrFIBcKUBv\"",
	"ReportPanel": "{\"reportID\":2,\"bCache\":false}",
	"Equipment_EnhanceDetails_Panel": [],
	"ChatRoom_ShareTips_Panel": "1123.5",
	"P_CreateGroupChat": [],
	"PlayerCard_Panel": "{\"TeamID\":68719476753,\"MapType\":1,\"Level\":75,\"CE\":202916,\"Sex\":0,\"fashionData\":{\"fashionScore\":800,\"viewOpen\":1},\"LineType\":0,\"GuildID\":\"aJruw_BrFIBcKUfI\",\"IsCaptain\":false,\"sourceID\":5,\"EntityID\":\"aJrnQ_BrFIBcKUBv\",\"ProfessionID\":1200006,\"bGroupLeader\":false,\"Name\":\"猎魔人\",\"GuildStatus\":1,\"HomelandUnlockType\":3,\"pvpData\":{\"pvpScore\":1,\"viewOpen\":1},\"GuildName\":\"距离内\",\"GroupID\":0,\"customFaceData\":\"\\u0005\\u0000\\u0000\\u00001.0.0\\u0007\\u0000\\u0000\\u00007730007\\u0000\\u0000\\u0000\\u0000\\u0000\\u0000\\u0000\\u0000\\u0000\\u0000\\u0000\\u0000\\u0000\\u0000\\u0000\\u0000\\u0000\\u0000\\u0000\\u0000\\u0000\\u0000\\u0000\\u0000\",\"GuildRoleID\":1}",
	"SkillCommon_Panel": [],
	"P_SystemTips": "6420002",
	"P_ChatHistoryList": [],
	"CountDownPVP_Panel": "1754992007041",
	"EquipmentWordStorage_Panel": "2",
	"TeamQuickUp_Panel": [],
	"ConstantDisplay_Panel": [],
	"LoginPanel": []
}